learning rate,epochs,recall%,precision%,F1%
0.01,8000,41±22,68±20,51.0
0.1,8000,51±21,60±18,55.00000000000001
0.2,6000,55±21,58±16,56.99999999999999
0.3,4000,56±19,58±15,56.99999999999999
0.4,6000,58±19,57±14,57.99999999999999
0.5,2000,61±20,56±14,59.0
0.6,8000,61±20,56±13,59.0
0.7,4000,62±19,56±13,59.0
0.8,2000,62±20,55±14,59.0
0.9,4000,62±20,55±14,57.99999999999999
